season,gameweek,date,home_team,away_team,status
2025-2026,22,2026-01-17,Manchester United FC,Manchester City FC,TIMED
2025-2026,22,2026-01-17,Sunderland AFC,Crystal Palace FC,TIMED
2025-2026,22,2026-01-17,Chelsea FC,Brentford FC,TIMED
2025-2026,22,2026-01-17,Liverpool FC,Burnley FC,TIMED
2025-2026,22,2026-01-17,Leeds United FC,Fulham FC,TIMED
2025-2026,22,2026-01-17,Tottenham Hotspur FC,West Ham United FC,TIMED
2025-2026,22,2026-01-17,Nottingham Forest FC,Arsenal FC,TIMED
2025-2026,22,2026-01-18,Wolverhampton Wanderers FC,Newcastle United FC,TIMED
2025-2026,22,2026-01-18,Aston Villa FC,Everton FC,TIMED
2025-2026,22,2026-01-19,Brighton & Hove Albion FC,AFC Bournemouth,TIMED
2025-2026,23,2026-01-24,West Ham United FC,Sunderland AFC,TIMED
2025-2026,23,2026-01-24,Burnley FC,Tottenham Hotspur FC,TIMED
2025-2026,23,2026-01-24,Fulham FC,Brighton & Hove Albion FC,TIMED
2025-2026,23,2026-01-24,Manchester City FC,Wolverhampton Wanderers FC,TIMED
2025-2026,23,2026-01-24,AFC Bournemouth,Liverpool FC,TIMED
2025-2026,23,2026-01-25,Crystal Palace FC,Chelsea FC,TIMED
2025-2026,23,2026-01-25,Brentford FC,Nottingham Forest FC,TIMED
2025-2026,23,2026-01-25,Newcastle United FC,Aston Villa FC,TIMED
2025-2026,23,2026-01-25,Arsenal FC,Manchester United FC,TIMED
2025-2026,23,2026-01-26,Everton FC,Leeds United FC,TIMED
2025-2026,24,2026-01-31,Brighton & Hove Albion FC,Everton FC,TIMED
2025-2026,24,2026-01-31,Leeds United FC,Arsenal FC,TIMED
2025-2026,24,2026-01-31,Wolverhampton Wanderers FC,AFC Bournemouth,TIMED
2025-2026,24,2026-01-31,Chelsea FC,West Ham United FC,TIMED
2025-2026,24,2026-01-31,Liverpool FC,Newcastle United FC,TIMED
2025-2026,24,2026-02-01,Aston Villa FC,Brentford FC,TIMED
2025-2026,24,2026-02-01,Manchester United FC,Fulham FC,TIMED
2025-2026,24,2026-02-01,Nottingham Forest FC,Crystal Palace FC,TIMED
2025-2026,24,2026-02-01,Tottenham Hotspur FC,Manchester City FC,TIMED
2025-2026,24,2026-02-02,Sunderland AFC,Burnley FC,TIMED
2025-2026,25,2026-02-06,Leeds United FC,Nottingham Forest FC,TIMED
2025-2026,25,2026-02-07,Manchester United FC,Tottenham Hotspur FC,TIMED
2025-2026,25,2026-02-07,AFC Bournemouth,Aston Villa FC,TIMED
2025-2026,25,2026-02-07,Arsenal FC,Sunderland AFC,TIMED
2025-2026,25,2026-02-07,Burnley FC,West Ham United FC,TIMED
2025-2026,25,2026-02-07,Fulham FC,Everton FC,TIMED
2025-2026,25,2026-02-07,Wolverhampton Wanderers FC,Chelsea FC,TIMED
2025-2026,25,2026-02-07,Newcastle United FC,Brentford FC,TIMED
2025-2026,25,2026-02-08,Brighton & Hove Albion FC,Crystal Palace FC,TIMED
2025-2026,25,2026-02-08,Liverpool FC,Manchester City FC,TIMED
2025-2026,26,2026-02-10,Chelsea FC,Leeds United FC,TIMED
2025-2026,26,2026-02-10,Everton FC,AFC Bournemouth,TIMED
2025-2026,26,2026-02-10,Tottenham Hotspur FC,Newcastle United FC,TIMED
2025-2026,26,2026-02-10,West Ham United FC,Manchester United FC,TIMED
2025-2026,26,2026-02-11,Aston Villa FC,Brighton & Hove Albion FC,TIMED
2025-2026,26,2026-02-11,Crystal Palace FC,Burnley FC,TIMED
2025-2026,26,2026-02-11,Manchester City FC,Fulham FC,TIMED
2025-2026,26,2026-02-11,Nottingham Forest FC,Wolverhampton Wanderers FC,TIMED
2025-2026,26,2026-02-11,Sunderland AFC,Liverpool FC,TIMED
2025-2026,26,2026-02-12,Brentford FC,Arsenal FC,TIMED
2025-2026,27,2026-02-21,Manchester City FC,Newcastle United FC,TIMED
2025-2026,27,2026-02-21,Aston Villa FC,Leeds United FC,TIMED
2025-2026,27,2026-02-21,Crystal Palace FC,Wolverhampton Wanderers FC,TIMED
2025-2026,27,2026-02-21,Brentford FC,Brighton & Hove Albion FC,TIMED
2025-2026,27,2026-02-21,Chelsea FC,Burnley FC,TIMED
2025-2026,27,2026-02-21,Nottingham Forest FC,Liverpool FC,TIMED
2025-2026,27,2026-02-21,West Ham United FC,AFC Bournemouth,TIMED
2025-2026,27,2026-02-22,Sunderland AFC,Fulham FC,TIMED
2025-2026,27,2026-02-22,Tottenham Hotspur FC,Arsenal FC,TIMED
2025-2026,27,2026-02-23,Everton FC,Manchester United FC,TIMED
2025-2026,28,2026-02-27,Wolverhampton Wanderers FC,Aston Villa FC,TIMED
2025-2026,28,2026-02-28,AFC Bournemouth,Sunderland AFC,TIMED
2025-2026,28,2026-02-28,Brighton & Hove Albion FC,Nottingham Forest FC,TIMED
2025-2026,28,2026-02-28,Burnley FC,Brentford FC,TIMED
2025-2026,28,2026-02-28,Liverpool FC,West Ham United FC,TIMED
2025-2026,28,2026-02-28,Manchester United FC,Crystal Palace FC,TIMED
2025-2026,28,2026-02-28,Newcastle United FC,Everton FC,TIMED
2025-2026,28,2026-02-28,Leeds United FC,Manchester City FC,TIMED
2025-2026,28,2026-03-01,Fulham FC,Tottenham Hotspur FC,TIMED
2025-2026,28,2026-03-01,Arsenal FC,Chelsea FC,TIMED
2025-2026,29,2026-03-04,AFC Bournemouth,Brentford FC,TIMED
2025-2026,29,2026-03-04,Aston Villa FC,Chelsea FC,TIMED
2025-2026,29,2026-03-04,Brighton & Hove Albion FC,Arsenal FC,TIMED
2025-2026,29,2026-03-04,Everton FC,Burnley FC,TIMED
2025-2026,29,2026-03-04,Fulham FC,West Ham United FC,TIMED
2025-2026,29,2026-03-04,Leeds United FC,Sunderland AFC,TIMED
2025-2026,29,2026-03-04,Manchester City FC,Nottingham Forest FC,TIMED
2025-2026,29,2026-03-04,Newcastle United FC,Manchester United FC,TIMED
2025-2026,29,2026-03-04,Tottenham Hotspur FC,Crystal Palace FC,TIMED
2025-2026,29,2026-03-04,Wolverhampton Wanderers FC,Liverpool FC,TIMED
2025-2026,30,2026-03-14,Sunderland AFC,Brighton & Hove Albion FC,TIMED
2025-2026,30,2026-03-14,Crystal Palace FC,Leeds United FC,TIMED
2025-2026,30,2026-03-14,Arsenal FC,Everton FC,TIMED
2025-2026,30,2026-03-14,Brentford FC,Wolverhampton Wanderers FC,TIMED
2025-2026,30,2026-03-14,Burnley FC,AFC Bournemouth,TIMED
2025-2026,30,2026-03-14,Chelsea FC,Newcastle United FC,TIMED
2025-2026,30,2026-03-14,Liverpool FC,Tottenham Hotspur FC,TIMED
2025-2026,30,2026-03-14,Manchester United FC,Aston Villa FC,TIMED
2025-2026,30,2026-03-14,Nottingham Forest FC,Fulham FC,TIMED
2025-2026,30,2026-03-14,West Ham United FC,Manchester City FC,TIMED
2025-2026,31,2026-03-21,AFC Bournemouth,Manchester United FC,TIMED
2025-2026,31,2026-03-21,Aston Villa FC,West Ham United FC,TIMED
2025-2026,31,2026-03-21,Brighton & Hove Albion FC,Liverpool FC,TIMED
2025-2026,31,2026-03-21,Everton FC,Chelsea FC,TIMED
2025-2026,31,2026-03-21,Fulham FC,Burnley FC,TIMED
2025-2026,31,2026-03-21,Leeds United FC,Brentford FC,TIMED
2025-2026,31,2026-03-21,Manchester City FC,Crystal Palace FC,TIMED
2025-2026,31,2026-03-21,Newcastle United FC,Sunderland AFC,TIMED
2025-2026,31,2026-03-21,Tottenham Hotspur FC,Nottingham Forest FC,TIMED
2025-2026,31,2026-03-21,Wolverhampton Wanderers FC,Arsenal FC,TIMED
2025-2026,32,2026-04-11,Sunderland AFC,Tottenham Hotspur FC,TIMED
2025-2026,32,2026-04-11,Crystal Palace FC,Newcastle United FC,TIMED
2025-2026,32,2026-04-11,Arsenal FC,AFC Bournemouth,TIMED
2025-2026,32,2026-04-11,Brentford FC,Everton FC,TIMED
2025-2026,32,2026-04-11,Burnley FC,Brighton & Hove Albion FC,TIMED
2025-2026,32,2026-04-11,Chelsea FC,Manchester City FC,TIMED
2025-2026,32,2026-04-11,Liverpool FC,Fulham FC,TIMED
2025-2026,32,2026-04-11,Manchester United FC,Leeds United FC,TIMED
2025-2026,32,2026-04-11,Nottingham Forest FC,Aston Villa FC,TIMED
2025-2026,32,2026-04-11,West Ham United FC,Wolverhampton Wanderers FC,TIMED
2025-2026,33,2026-04-18,Newcastle United FC,AFC Bournemouth,TIMED
2025-2026,33,2026-04-18,Nottingham Forest FC,Burnley FC,TIMED
2025-2026,33,2026-04-18,Tottenham Hotspur FC,Brighton & Hove Albion FC,TIMED
2025-2026,33,2026-04-18,Aston Villa FC,Sunderland AFC,TIMED
2025-2026,33,2026-04-18,Crystal Palace FC,West Ham United FC,TIMED
2025-2026,33,2026-04-18,Brentford FC,Fulham FC,TIMED
2025-2026,33,2026-04-18,Chelsea FC,Manchester United FC,TIMED
2025-2026,33,2026-04-18,Everton FC,Liverpool FC,TIMED
2025-2026,33,2026-04-18,Leeds United FC,Wolverhampton Wanderers FC,TIMED
2025-2026,33,2026-04-18,Manchester City FC,Arsenal FC,TIMED
2025-2026,34,2026-04-25,AFC Bournemouth,Leeds United FC,TIMED
2025-2026,34,2026-04-25,Sunderland AFC,Nottingham Forest FC,TIMED
2025-2026,34,2026-04-25,Brighton & Hove Albion FC,Chelsea FC,TIMED
2025-2026,34,2026-04-25,Arsenal FC,Newcastle United FC,TIMED
2025-2026,34,2026-04-25,Burnley FC,Manchester City FC,TIMED
2025-2026,34,2026-04-25,Fulham FC,Aston Villa FC,TIMED
2025-2026,34,2026-04-25,Liverpool FC,Crystal Palace FC,TIMED
2025-2026,34,2026-04-25,Manchester United FC,Brentford FC,TIMED
2025-2026,34,2026-04-25,West Ham United FC,Everton FC,TIMED
2025-2026,34,2026-04-25,Wolverhampton Wanderers FC,Tottenham Hotspur FC,TIMED
2025-2026,35,2026-05-02,AFC Bournemouth,Crystal Palace FC,TIMED
2025-2026,35,2026-05-02,Aston Villa FC,Tottenham Hotspur FC,TIMED
2025-2026,35,2026-05-02,Arsenal FC,Fulham FC,TIMED
2025-2026,35,2026-05-02,Brentford FC,West Ham United FC,TIMED
2025-2026,35,2026-05-02,Chelsea FC,Nottingham Forest FC,TIMED
2025-2026,35,2026-05-02,Everton FC,Manchester City FC,TIMED
2025-2026,35,2026-05-02,Leeds United FC,Burnley FC,TIMED
2025-2026,35,2026-05-02,Manchester United FC,Liverpool FC,TIMED
2025-2026,35,2026-05-02,Newcastle United FC,Brighton & Hove Albion FC,TIMED
2025-2026,35,2026-05-02,Wolverhampton Wanderers FC,Sunderland AFC,TIMED
2025-2026,36,2026-05-09,Sunderland AFC,Manchester United FC,TIMED
2025-2026,36,2026-05-09,Brighton & Hove Albion FC,Wolverhampton Wanderers FC,TIMED
2025-2026,36,2026-05-09,Crystal Palace FC,Everton FC,TIMED
2025-2026,36,2026-05-09,Burnley FC,Aston Villa FC,TIMED
2025-2026,36,2026-05-09,Fulham FC,AFC Bournemouth,TIMED
2025-2026,36,2026-05-09,Liverpool FC,Chelsea FC,TIMED
2025-2026,36,2026-05-09,Manchester City FC,Brentford FC,TIMED
2025-2026,36,2026-05-09,Nottingham Forest FC,Newcastle United FC,TIMED
2025-2026,36,2026-05-09,Tottenham Hotspur FC,Leeds United FC,TIMED
2025-2026,36,2026-05-09,West Ham United FC,Arsenal FC,TIMED
2025-2026,37,2026-05-17,AFC Bournemouth,Manchester City FC,TIMED
2025-2026,37,2026-05-17,Aston Villa FC,Liverpool FC,TIMED
2025-2026,37,2026-05-17,Arsenal FC,Burnley FC,TIMED
2025-2026,37,2026-05-17,Brentford FC,Crystal Palace FC,TIMED
2025-2026,37,2026-05-17,Chelsea FC,Tottenham Hotspur FC,TIMED
2025-2026,37,2026-05-17,Everton FC,Sunderland AFC,TIMED
2025-2026,37,2026-05-17,Leeds United FC,Brighton & Hove Albion FC,TIMED
2025-2026,37,2026-05-17,Manchester United FC,Nottingham Forest FC,TIMED
2025-2026,37,2026-05-17,Newcastle United FC,West Ham United FC,TIMED
2025-2026,37,2026-05-17,Wolverhampton Wanderers FC,Fulham FC,TIMED
2025-2026,38,2026-05-24,Sunderland AFC,Chelsea FC,TIMED
2025-2026,38,2026-05-24,Brighton & Hove Albion FC,Manchester United FC,TIMED
2025-2026,38,2026-05-24,Crystal Palace FC,Arsenal FC,TIMED
2025-2026,38,2026-05-24,Burnley FC,Wolverhampton Wanderers FC,TIMED
2025-2026,38,2026-05-24,Fulham FC,Newcastle United FC,TIMED
2025-2026,38,2026-05-24,Liverpool FC,Brentford FC,TIMED
2025-2026,38,2026-05-24,Manchester City FC,Aston Villa FC,TIMED
2025-2026,38,2026-05-24,Nottingham Forest FC,AFC Bournemouth,TIMED
2025-2026,38,2026-05-24,Tottenham Hotspur FC,Everton FC,TIMED
2025-2026,38,2026-05-24,West Ham United FC,Leeds United FC,TIMED
